Current Component,Current Status (verified),Decision,Future Location,Priority
admin_users + admin_sessions + admin/auth.ts,"scrypt+timingSafe, cookie Path=/api/admin HttpOnly SameSite=Strict, tokens SHA-256 in DB, CSRF rotating, TTL 8h, self-demotion lock, session kill on reset/disable",KEEP + EXTEND,ERP Core / Identity,Critical
admin/permissions.ts,4 roles -> in-memory Set of 12 'module:action'; GET /users guarded by users:write; no approve/export/delete actions; no scope,REFACTOR (to DB table role_permissions),ERP Core / Access,Critical
Employees / Departments / Branches / Teams,"0 relevant occurrence in src+client (grep: 4 hits, all unrelated)",NEW,ERP Core / Identity,Critical
audit_logs + audit() vs recordAdminAudit(),"two writers on same table; 35/51 admin writes audited (16 missing); no session_id, entity_type, action enum, retention; table mutable; UI shows placeholder instead of diff","EXTEND + MERGE writers (append-only audit_events, additive columns)",ERP Core / Audit,Critical
assistant_tool_audit + toolGateway,effect/lane/principal_type/authenticated/authorized/schema_valid/approval_status/idempotency_key/outcome/error_code,KEEP as the ERP action-layer pattern,ERP Core / Workflow,High
"src/arrival-ingestion (21 files, 14 crm_* tables, 45 endpoints)","idempotent (arrival_client_id,source_hash); durable jobs with lease+heartbeat recovery; SCD-2 is_current/superseded; AI revalidated vs Category Master; canonical audit; warehouse dispatch with stable card_id + idempotency-key",KEEP (reference module) + EXTEND - do not rewrite,ERP / CRM-Arrivals,Critical
customers + customer_accounts,"dual customer model, soft link via normalizeCustomerPhone, two creators (checkout + arrivalClientService)",MERGE -> REBUILD as parties / party_contacts; keep both as views,ERP / CRM,High
assistant_support_tickets,"14 cols, assigned_to FK, status/priority CHECK, customer notification on resolve","EXTEND into generic Support (source, channel, SLA, messages)",ERP / Support,Medium
orders / order_items / order_status_history,40/27/7 cols; immutable pricing_snapshot per order AND per line; order state machine hardcoded in route handler (transitions map),KEEP + MOVE state machine to workflow definitions,ERP / Sales,Critical
payments / payment_transactions / payment_proofs,payments.order_id UNIQUE = 1 payment per order; PARTIALLY_PAID declared in 3 CHECK + UI labels but never written (dead status); proof review queue indexed; confirmed_by mixes admin id and 'KONNECT',KEEP + EXTEND (multi payments + allocations),ERP / Finance,High
invoices (+ orders.invoice_number / invoice_path legacy),"order_id UNIQUE = 1 invoice per order; status ISSUED|VOID only; number from COUNT(*) -> gaps; PDF generated in-house (simplePdf, no headless browser)","REBUILD (multi-line, DRAFT/SENT/PAID/VOID, credit notes, sequence)",ERP / Finance,High
expenses,"9 cols, 7 categories CHECK, amount>=0 CHECK, created_by no FK, physical DELETE via reports:write","EXTEND (soft delete, attachment, supplier link, journal posting)",ERP / Finance,Medium
"Accounting (chart of accounts, journal, periods, balances, VAT, bank rec)","0 table, 0 endpoint; getFinancialReport = SUM(payments) - SUM(expenses)",NEW,ERP / Finance-Accounting,Critical for ERP
products / brands / customs_categories / pricing_config,"prices stored (converted_price, final_price) AND recomputed by admin CRUD AND snapshotted in orders = 3 representations; stock_status is a label, not stock","MOVE ownership to Catalog; price derived, not stored",ERP / Catalog + Pricing,High
Inventory / stock quantities,does not exist (only stock_status AVAILABLE|LIMITED|OUT_OF_STOCK),NEW inventory_locations / items / movements(append-only) / stocktakes,ERP / Inventory,Critical for ERP
Suppliers / Purchasing,supplier exists only as free text on crm_extracted_products (extraction schema field),"NEW (party_roles=supplier, PR -> PO -> receipt -> supplier invoice, 3-way match)",ERP / Purchasing,High
deliveries + crm_shipments + crm_shipment_cartons,"deliveries 1 per order (order_id UNIQUE) = customer shipping; crm_shipments linked to crm_arrivals only, no customer/product link; cartons replaced by delete+reinsert with new ids","KEEP both + LINK (shipment_package, stable carton ids)",ERP / Shipping,Medium
Returns / RMA,policy promised in UI copy (CartDrawer.tsx:199) with no model or endpoint,NEW,ERP / Sales-Returns,Medium
crm_arrivals vs arrivals,two unrelated entities with the same word; orders.arrival_id -> arrivals (CMS) while crm_extracted_products.arrival_id -> crm_arrivals,RENAME in usage + ADD inbound_arrival_id on order (never drop),ERP / CRM <-> Sales,High
admin resources descriptor (9 CMS resources),server-side descriptor -> 5 routes + allowlist fields + enums + date validation + soft delete + auto audit,KEEP - becomes the ERP screen generator,ERP Core / Admin framework,High
Hero / Trust / Home blocks / Lens-section / Announcements (7 tables),"4 persistence patterns, 4 separate upload paths (JSON dataURL, lensUpload, heroUpload, sourceUpload)",MERGE under cms/* namespace + single media pipeline,ERP / CMS,Medium
stories+news_items vs publications+reels+story_publishers + magazine_drafts,two editorial systems; AI drafts write into news_items; human review stated in UI but not enforced,KEEP both + CLARIFY ownership; enforce review as workflow step,ERP / CMS + Marketing,Medium
settings (7 categories),"PUT cannot create a key, payment_methods value allowlist enforced",KEEP + EXTEND (per-module namespaces),ERP Core / Settings,Medium
"promotions (usage_count, promo_code)",no increment/consumption found anywhere,REFACTOR (real consumption engine),ERP / Marketing,Low-Medium
ai_knowledge,read by assistant; admin read guarded by settings:write -> CONTENT_MANAGER can neither read nor write it (bug),KEEP + FIX permissions (assistant:read/write),ERP / Support-AI,Medium
src/ai-core (16 files) + tests/ai-architecture-boundaries,"provider-neutral contracts, per-capability circuit breaker, preflight schema limits, boundary test forbidding provider URLs/SDK/secrets outside adapters, frozen 2-file allowlist",KEEP untouched (only module to have enforced boundaries),ERP Core / AI,Low (stability)
src/ayrovix (Lens v2),"9 public endpoints, no auth, quota 12/10min per IP only; GET /history excluded from quota; own table + ALTER TABLE outside src/db","KEEP + ADD (session quota, global cap, move table into central schema)",ERP / Sales-Tools,High (cost)
/uploads static (server.ts:171),serves whole data/uploads incl. uploads/invoices/*.pdf (name = INV-<year>-<6 digits>) and uploads/deposits/*,REMOVE the static route; keep /uploads/hero/* only,ERP Core / Documents,CRITICAL - fix before ERP phase
Rate limiter Map + in-process job runner,"per-process counters, sweep 5min; job runner single-process with lease/heartbeat",REFACTOR in last phase (shared counters + worker),ERP Core / Jobs,Medium
crm_schema_migrations,migration framework aware of exactly ONE key (crm_arrival_multistore_v1); + ensureColumn + rebuildTableIfLegacy = 3 coexisting mechanisms,"REFACTOR -> erp_migrations (multi-key, checksum, verified backup gate kept)",ERP Core,High
"tests/ (39 files, 323 cases)",HTTP integration + auth/CSRF/RBAC + pricing + arrival flows + architecture boundary,KEEP as the migration safety net,CI,Critical
"docs/*AUDIT*, docs/*ANALYSIS* (Aug 2026)","describe versions 3.2.1 -> 3.4.1, 4 versions behind current 3.10.4",ARCHIVE - do not cite as current state,docs,Low
